name,set_name,local_id,tcgdex_id,raw_price_usd,raw_sample_count,raw_confidence,psa9_price_usd,psa9_sample_count,psa10_price_usd,psa10_sample_count,psa10_confidence,psa10_over_psa9_multiple,graded_sales_total
Mega Charizard X ex,Phantasmal Flames,125,me02-125,918.87,350,medium,667.93,924,1650,2035,high,2.4,3064
Charizard,Celebrations Classic Collection,CC002,cel25cc-CC002,179.51,194,medium,172.7,853,500,1395,medium,2.6,2374
Palkia,Celebrations,4,cel25-4,175.88,189,medium,185,826,510,1349,high,2.8,2299
Mew ex,Paldean Fates,232,sv04.5-232,187.5,121,low,846.38,939,2887.5,986,high,3.4,2102
Psyduck,Ascended Heroes,226,me02.5-226,69.5,55,medium,68.5,508,232.5,1184,high,3.3,1743
Mew ex,SVP Black Star Promos,053,svp-053,171.62,175,medium,100,870,767.51,390,high,7.2,1637
Charizard ex,Obsidian Flames,223,sv03-223,115,222,medium,123.75,763,705.6,571,high,5.7,1626
Charmander,SVP Black Star Promos,044,svp-044,79.17,182,medium,105,753,620.5,414,medium,5.7,1623
Pikachu,Crown Zenith,160,swsh12.5-160,54.9,152,medium,64.44,579,270.99,801,high,4.1,1491
Moltres & Zapdos & Articuno GX,SM Black Star Promos,SM210,smp-SM210,223.73,227,medium,145.44,484,405,930,high,2.8,1480
Pikachu with Grey Felt Hat,SVP Black Star Promos,085,svp-085,1025,115,medium,970,582,2451,749,high,2.5,1425
Magneton,SVP Black Star Promos,159,svp-159,13.75,122,medium,30.84,586,214.5,723,medium,6.8,1424
Misty's Psyduck,Destined Rivals,193,sv10-193,65.5,115,high,64,854,332.5,403,high,5.1,1421
Mega Lucario ex,Mega Evolution,179,me01-179,140.34,104,medium,171.25,425,339.99,955,high,1.9,1413
Umbreon ☆,Celebrations Classic Collection,CC015,cel25cc-CC015,80.75,73,low,98,606,387.52,723,high,3.9,1402
Squirtle,Stellar Crown,148,sv07-148,110,101,medium,115,636,365.5,601,high,3.1,1338
Umbreon ex,Prismatic Evolutions,161,sv08.5-161,2950,104,low,1324.5,609,5135.5,594,high,3.9,1319
Mewtwo VSTAR,Crown Zenith Galarian Gallery,GG44,swsh12.5gg-GG44,215,159,medium,224,484,501,797,high,2.2,1314
Magikarp,Paldea Evolved,203,sv02-203,457.5,98,medium,405,662,3550,344,high,8.8,1284
Mega Gengar ex,Ascended Heroes,284,me02.5-284,820,70,medium,807.5,420,1914.52,762,high,2.4,1203
Bulbasaur,Stellar Crown,143,sv07-143,105,100,low,98,616,323,513,medium,3,1200
Mew,Crown Zenith Galarian Gallery,GG10,swsh12.5gg-GG10,203.19,143,low,80.75,456,525,579,high,6.4,1156
Charizard ex,Paldean Fates,234,sv04.5-234,272.25,133,low,247.49,499,750,564,high,3,1143
Kingdra ex,SVP Black Star Promos,131,svp-131,87,96,low,95,474,349.99,620,high,3.6,1140
Pikachu ex,Surging Sparks,238,sv08-238,279,103,high,264.99,475,813,562,high,3.1,1115
Eevee,Twilight Masquerade,188,sv06-188,86.61,80,medium,90,483,325,528,high,3.4,1093
Mewtwo GX,Shining Legends,78,sm3.5-78,942.93,54,medium,1592,416,7675.5,256,medium,4.8,1086
Mewtwo & Mew GX,SM Black Star Promos,SM191,smp-SM191,402.5,77,medium,519,324,1925,658,high,3.7,1069
Cynthia's Garchomp ex,Destined Rivals,232,sv10-232,202.5,75,medium,161.79,298,400,685,high,2.3,1044
Mewtwo,SVP Black Star Promos,052,svp-052,41.48,137,medium,84,504,750,278,high,8.5,1031
Charizard ex,151,199,sv03.5-199,380,299,low,353.6,492,1448.88,354,medium,3.9,1029
Lapras,Fossil,10,base3-10,25.74,102,medium,600,190,6000,32,low,5.7,987
Mega Gardevoir ex,Mega Evolution,178,me01-178,145.65,116,medium,131,271,310,681,high,2.3,983
Pikachu ex,Ascended Heroes,276,me02.5-276,1231.7,80,medium,838,321,1999,629,high,2.3,977
Gastly,Temporal Forces,177,sv05-177,153.89,76,medium,118.5,508,535,428,medium,4.5,977
Zekrom ex,Black Bolt,166,sv10.5b-166,270,56,medium,221.75,285,479,657,medium,2.1,962
Team Rocket's Moltres ex,Destined Rivals,229,sv10-229,124.28,113,low,71.12,277,272,633,high,3.8,956
Pikachu ex,Surging Sparks,247,sv08-247,71,69,medium,82.07,384,347,489,high,4.1,947
Lugia V,Silver Tempest,186,swsh12-186,470.43,99,medium,472.5,327,1307.5,564,high,2.7,937
Gengar EX,Phantom Forces,34,xy4-34,87.53,57,medium,159.75,232,749.99,478,high,4.7,925
Greninja ex,Twilight Masquerade,214,sv06-214,294.32,73,medium,281.5,377,640,492,high,2.2,921
Jessie & James,Hidden Fates,68,sm115-68,59.99,46,low,77.5,309,194.51,564,high,2.5,920
Chansey,Twilight Masquerade,187,sv06-187,46.25,64,medium,58.49,412,298.43,440,medium,4.4,910
Blastoise ex,151,200,sv03.5-200,107.63,203,low,146.25,441,649,356,medium,4,907
Gengar,Lost Origin Trainer Gallery,TG06,swsh11tg-TG06,119,118,medium,81.16,474,599.99,285,medium,7.3,892
Moltres,Fossil,12,base3-12,21,84,medium,551.25,218,3301.87,35,medium,6,888
Lillie's Clefairy ex,Journey Together,184,sv09-184,80.75,91,low,94.94,409,317,394,high,3.2,886
Mega Charizard X ex,Phantasmal Flames,130,me02-130,308.75,158,medium,232.5,527,2462,212,medium,9.5,868
Pikachu & Zekrom GX,SM Black Star Promos,SM168,smp-SM168,287.5,49,medium,350,308,1831.5,447,high,5.2,865
Gengar,Lost Origin,TG06,swsh11-TG06,49.59,115,low,90.5,459,645.83,274,high,6.1,860
Salamence ex,Journey Together,187,sv09-187,55,63,medium,56.27,376,260,430,high,4.3,855
Gengar ex,Temporal Forces,193,sv05-193,63.37,74,medium,63,365,338,425,high,5.3,841
Gengar VMAX,Fusion Strike,271,swsh8-271,855,127,medium,870,315,2275,442,high,2.6,836
Greninja ex,SVP Black Star Promos,132,svp-132,110.42,113,low,90.5,422,400,365,high,4,834
Mega Lucario ex,Mega Evolution,188,me01-188,316.86,77,medium,185,396,676,343,high,3.6,825
M Charizard EX,Evolutions,101,xy12-101,163.75,20,low,140.58,293,710,358,high,4.6,800
Sylveon ex,Prismatic Evolutions,156,sv08.5-156,430.25,64,medium,436.5,388,1472,344,medium,3.3,776
Zapdos,Fossil,15,base3-15,77.5,84,medium,561,210,4999,42,high,8.4,775
Venusaur ex,151,198,sv03.5-198,118.12,162,medium,114.25,360,409.5,319,medium,3.6,768
Pikachu,SM Black Star Promos,SM162,smp-SM162,146.97,52,medium,238.53,311,2000,198,medium,7.4,767
Mega Greninja ex,Chaos Rising,116,me04-116,172.27,46,medium,138.5,180,426,551,high,2.9,751
Umbreon VMAX,Evolving Skies,215,swsh7-215,1750,114,medium,2025,176,3900,528,high,1.9,744
Zapdos ex,151,202,sv03.5-202,99,117,high,99.5,346,367.5,300,high,3.9,739
Charmander,151,168,sv03.5-168,107.75,140,high,113.57,388,567.5,248,high,5,734
Espeon ex,Prismatic Evolutions,155,sv08.5-155,275,34,low,241.88,369,1095,290,medium,4.1,726
Mew,Celebrations,25,cel25-25,59.75,71,medium,67.98,263,195,441,high,2.6,720
Rayquaza VMAX,Silver Tempest Trainer Gallery,TG20,swsh12tg-TG20,171.5,92,medium,192,151,375,549,high,2,713
Charizard VSTAR,SWSH Black Star Promos,SWSH262,swshp-SWSH262,80,232,medium,108.37,426,1400.59,116,high,11.9,709
Charizard VSTAR,Brilliant Stars,174,swsh9-174,61.5,65,medium,88.25,242,199.99,422,medium,2.2,709
Glaceon ex,Prismatic Evolutions,150,sv08.5-150,231.7,51,low,225.25,333,743.18,325,medium,3.3,701
Giratina V,Lost Origin,186,swsh11-186,750,57,medium,872.5,257,3450,353,high,4,691
Muk,Fossil,13,base3-13,134.99,69,medium,187.25,237,1364.79,76,medium,6.5,689
Shining Rayquaza,Shining Legends,56,sm3.5-56,140,38,medium,179.75,290,1150,285,high,6.7,689
Charizard V,Brilliant Stars,154,swsh9-154,369,52,medium,302.5,254,812.5,401,medium,2.7,688
Shining Mew,Shining Legends,40,sm3.5-40,181.25,50,medium,249,306,1525,280,high,5.6,687
Latias ex,Surging Sparks,239,sv08-239,141,93,medium,154.75,271,485,372,medium,3.1,680
Scyther,Jungle,10,base2-10,152.5,44,medium,599,154,810,21,medium,1.4,679
Milotic ex,Surging Sparks,237,sv08-237,91,60,medium,106.54,281,251.75,361,high,2.4,674
Roaring Moon ex,Prismatic Evolutions,162,sv08.5-162,206.56,39,medium,119.67,293,615,335,high,5.1,673
Squirtle,151,170,sv03.5-170,118.5,80,high,80.5,379,455.07,221,medium,5.1,667
Flareon ex,Prismatic Evolutions,146,sv08.5-146,361.25,39,medium,179.5,313,632.5,305,medium,3.5,660
Pikachu,151,173,sv03.5-173,82.07,96,high,98,341,549.99,238,medium,5.5,650
Charmeleon,151,169,sv03.5-169,70.55,86,medium,84.18,328,328.81,245,medium,3.9,648
Vaporeon ex,Prismatic Evolutions,149,sv08.5-149,171.5,58,low,231.85,310,1123.6,276,high,4.3,644
Team Rocket's Nidoking ex,Destined Rivals,233,sv10-233,85,42,low,91.45,164,230,439,high,2.5,638
Seismitoad,Black Bolt,105,sv10.5b-105,168.75,64,medium,193.5,367,1995.72,194,high,10.3,634
Jolteon ex,Prismatic Evolutions,153,sv08.5-153,169.16,41,low,161.5,256,600,309,medium,3.3,629
Celebi V,Fusion Strike,245,swsh8-245,69.85,30,medium,85,273,360,290,high,4.2,623
Pikachu VMAX,Vivid Voltage,188,swsh4-188,120.5,53,high,160,159,290,419,high,1.8,607
Magneton,Fossil,11,base3-11,36.06,41,medium,176.1,189,2000,57,medium,6.9,606
Meowth,Wizards Black Star Promos,10,basep-10,45,41,medium,419.89,55,250,364,high,0.6,606
Eevee ex,Prismatic Evolutions,167,sv08.5-167,183.76,60,medium,136.18,268,500,297,high,3.3,604
Persian,Shrouded Fable,078,sv06.5-078,72.25,41,medium,74.99,286,280,295,high,3.7,602
Reshiram ex,White Flare,166,sv10.5w-166,171.91,60,high,178.4,259,420,317,medium,2.2,600
Rayquaza V,Evolving Skies,194,swsh7-194,445,35,medium,410,222,1275,343,high,2.9,597
Espeon VMAX,Fusion Strike,270,swsh8-270,275,54,low,317.5,221,645.5,341,high,2,595
Alakazam ex,151,201,sv03.5-201,68,90,medium,70,287,320,242,medium,4.4,592
Victini,Black Bolt,171,sv10.5b-171,703.54,50,medium,572.5,207,1375,353,high,2.4,578
Mega Gardevoir ex,Mega Evolution,187,me01-187,182.75,58,low,154.12,290,569.99,203,high,3.7,577
Dark Charizard,Team Rocket,21,base5-21,203.69,105,medium,558,105,2700,28,medium,3.9,575
Team Rocket's Mewtwo ex,Ascended Heroes,281,me02.5-281,265,34,medium,266.78,149,595,410,medium,2.2,570
Eevee & Snorlax GX,SM Black Star Promos,SM169,smp-SM169,797.08,37,medium,327.5,216,1590,304,medium,4.9,569
Dragonite V,Evolving Skies,192,swsh7-192,450.38,38,low,422.19,216,1100,328,high,2.6,568
Wartortle,151,171,sv03.5-171,40.55,60,medium,71.06,329,450,173,medium,5.5,555
Umbreon V,Evolving Skies,189,swsh7-189,672.5,32,medium,305.21,199,1012.5,318,high,3.3,554
Here Comes Team Rocket!,Team Rocket,15,base5-15,7.25,55,low,74.87,169,190.76,236,medium,0.9,553
M Blastoise EX,Evolutions,102,xy12-102,65,6,low,86.5,215,397.41,256,low,4.5,549
Pikachu VMAX,Lost Origin Trainer Gallery,TG17,swsh11tg-TG17,102.49,63,medium,101.99,158,300,375,high,2.6,549
Tyranitar,Paldea Evolved,222,sv02-222,26,30,medium,85,276,751,183,medium,8.8,541
Victini,White Flare,172,sv10.5w-172,713.11,30,medium,530,213,1265,309,medium,2.4,538
Starmie V,Astral Radiance,TG13,swsh10-TG13,115,67,low,107.49,189,303,309,high,2.8,537
Pikachu VMAX,Lost Origin,TG17,swsh11-TG17,102.49,63,medium,121.25,157,312.35,363,high,2.5,536
Charizard VMAX,Shining Fates Shiny Vault,SV107,swsh4.5sv-SV107,100.75,108,medium,136.34,103,231.25,415,medium,1.7,532
Bulbasaur,151,166,sv03.5-166,154.85,87,medium,71.2,285,341.25,198,high,4.8,531
Origin Forme Dialga VSTAR,Crown Zenith Galarian Gallery,GG68,swsh12.5gg-GG68,124.5,142,medium,142.5,174,622,338,medium,3.4,529
Origin Forme Palkia VSTAR,Crown Zenith Galarian Gallery,GG67,swsh12.5gg-GG67,175.25,77,medium,126.06,204,622,308,medium,3.8,529
Ceruledge ex,Prismatic Evolutions,147,sv08.5-147,95,42,medium,94.91,193,248.75,313,medium,2.2,526
Charizard V,SWSH Black Star Promos,SWSH260,swshp-SWSH260,69,158,low,74.99,307,600,124,medium,8,518
Mew VMAX,Fusion Strike,269,swsh8-269,147.5,92,medium,206.59,128,459.9,359,high,2.2,510
Garchomp & Giratina GX,SM Black Star Promos,SM193,smp-SM193,100,24,low,119.19,149,700,315,high,5.9,496
Psyduck,151,175,sv03.5-175,67.5,61,medium,80,238,475.23,221,medium,5.2,496
Pikachu V,Lost Origin Trainer Gallery,TG16,swsh11tg-TG16,93,58,low,113.25,179,434.99,286,high,3.8,490
Mew V,Fusion Strike,251,swsh8-251,118.5,42,medium,89.72,192,425,256,high,4.3,486
M Charizard EX,Flashfire,69,xy2-69,136,15,low,435,106,2348.5,144,medium,5.1,475
Special Delivery Charizard,SWSH Black Star Promos,SWSH075,swshp-SWSH075,225.84,113,medium,261.37,257,2347.1,102,medium,6.4,475
Pikachu V,Lost Origin,TG16,swsh11-TG16,150,56,medium,128.75,173,464.99,278,medium,3.6,475
Pikachu ex,Ascended Heroes,277,me02.5-277,311,51,high,322.5,186,805,264,medium,2.3,469
Tyranitar V,Battle Styles,155,swsh5-155,235,39,low,217.5,178,699.99,251,high,3.1,458
Aerodactyl V,Lost Origin,180,swsh11-180,192.12,33,low,218.59,179,598.99,245,medium,2.7,454
M Charizard EX,Generations,12,g1-12,149.21,41,high,268.76,107,3125,46,high,11.6,451
Houndoom,Shrouded Fable,066,sv06.5-066,39.6,40,medium,47.6,201,202.5,238,medium,3.9,451
Mega Charizard Y ex,Ascended Heroes,294,me02.5-294,307.62,50,medium,357.14,219,1825,184,high,5.3,449
Sylveon V,Evolving Skies,184,swsh7-184,152.52,29,medium,187.18,155,407.5,268,high,2.1,449
Mimikyu V,Brilliant Stars Trainer Gallery,TG16,swsh9tg-TG16,210,46,medium,88.01,163,414.77,273,medium,4.7,444
Keldeo ex,White Flare,167,sv10.5w-167,64.95,35,medium,56.57,149,190,275,medium,3.2,444
Mewtwo V,Pokémon GO,072,swsh10.5-072,63,33,low,80.72,153,285,246,high,3.2,439
Arceus V,Brilliant Stars,166,swsh9-166,60,29,medium,47,140,213.44,271,medium,4.5,436
Celebi & Venusaur GX,SM Black Star Promos,SM167,smp-SM167,611.93,36,low,127,183,1200,205,high,9.4,434
Pikachu,Paldean Fates,131,sv04.5-131,63.75,19,medium,71.44,207,747.95,161,high,10.1,432
Mimikyu V,Brilliant Stars,TG16,swsh9-TG16,120,44,low,113.11,157,450,267,medium,3.8,432
Raichu,Paldea Evolved,211,sv02-211,117.5,39,medium,108,216,907.5,165,medium,8.4,431
Espeon V,Evolving Skies,180,swsh7-180,187.39,28,low,191.25,155,500,244,medium,2.6,431
Vileplume,Jungle,15,base2-15,43.5,32,medium,257,98,1469.69,12,low,5.7,428
Dark Machamp,Team Rocket,10,base5-10,117.12,50,low,279.5,140,541.72,17,medium,1.9,428
M Rayquaza EX,Ancient Origins,98,xy7-98,365,33,medium,2227.82,112,10500,90,high,4.7,425
Glaceon VMAX,Evolving Skies,209,swsh7-209,264.5,50,medium,262.5,81,485,336,high,1.8,425
Charizard δ,Crystal Guardians,4,ex14-4,180,47,medium,2112.49,62,21347.5,5,low,10.1,422
Gengar EX,Phantom Forces,114,xy4-114,733.75,45,medium,3947.5,57,30895,11,low,7.8,419
Pikachu,Wizards Black Star Promos,27,basep-27,23,57,low,75.09,114,303,231,high,3.7,414
Dragonite,Fossil,19,base3-19,114.82,43,medium,214.38,97,1150,58,medium,5.4,411
Raging Bolt ex,Prismatic Evolutions,166,sv08.5-166,46,38,medium,49,173,209.99,219,medium,3.8,408
Gengar,Triumphant,94,hgss4-94,385,25,low,5087.5,119,45800,17,low,9,406
Gengar,Fossil,20,base3-20,161.75,60,low,295,84,3200,44,high,10.8,405
Pikachu & Zekrom GX,Team Up,33,sm9-33,54,52,medium,85.14,161,577.49,198,medium,6.6,400
Dragonair,151,181,sv03.5-181,55,45,low,46.86,210,250,168,medium,5.3,400
Pikachu,Nintendo Black Star Promos,12,np-12,296.38,47,medium,885.75,116,6400,58,high,7.2,396
Reshiram & Charizard GX,Unbroken Bonds,20,sm10-20,35.12,39,low,73.84,107,305.86,269,high,4.1,392
Rayquaza ex,Dragon,97,ex3-97,603.01,26,low,7224.5,85,4000,28,low,4,390
Gyarados EX,BREAKpoint,123,xy9-123,221,15,low,416.75,146,4025,66,medium,9.7,388
Galarian Moltres V,Chilling Reign,177,swsh6-177,219.44,10,medium,257.5,108,455.54,265,medium,1.8,387
Shining Charizard,Neo Destiny,107,neo4-107,1663.87,43,high,5288.5,60,23900,11,low,4.5,379
Altaria ex,Paradox Rift,253,sv04-253,80,24,medium,52.56,189,290,144,medium,5.2,379
Shining Lugia,SM Black Star Promos,SM82,smp-SM82,75.5,23,medium,339.84,154,3175,73,high,8.6,378
Surfing Pikachu,Wizards Black Star Promos,28,basep-28,134.34,53,low,187.2,179,1350,63,high,7.2,370
Glaceon V,Evolving Skies,175,swsh7-175,143.75,37,medium,122.5,148,347.48,202,high,2.4,368
Entei Star,Unseen Forces,113,ex10-113,4662.5,10,low,3950,159,15250,20,low,3.9,367
Eevee,Wizards Black Star Promos,11,basep-11,46,48,medium,535,74,60750,30,low,2.8,363
Raikou Star,Unseen Forces,114,ex10-114,2225,7,low,4432.61,160,30100,48,medium,5.4,363
Shining Tyranitar,Neo Destiny,113,neo4-113,1390,20,medium,3249.99,88,10900,28,medium,3.4,363
Mimikyu,SM Black Star Promos,SM163,smp-SM163,100.5,36,low,142.98,149,1263.5,113,high,8.8,362
Sawsbuck,Temporal Forces,166,sv05-166,207.47,17,medium,56.59,151,376.95,195,medium,5,360
Morpeko,Paradox Rift,206,sv04-206,43.62,34,medium,44.6,142,247.67,202,medium,5.6,358
Charizard & Braixen GX,SM Black Star Promos,SM230,smp-SM230,114.6,21,low,107.04,127,974.88,196,high,8.5,355
Magikarp,XY Black Star Promos,XY143,xyp-XY143,80.45,23,high,239,123,2537.5,52,high,10.6,342
Tyranitar,Neo Discovery,12,neo2-12,171.25,29,medium,1944.55,83,3907,23,medium,1.9,337
Mega Dragonite ex,Ascended Heroes,295,me02.5-295,383.75,17,low,195.25,213,875,66,high,5.2,337
Espeon,Undaunted,81,hgss3-81,347.5,44,medium,2749.99,87,15748,8,low,5.7,332
Mewtwo ex,Ruby & Sapphire,101,ex1-101,1249.99,20,medium,3074.08,35,31700,8,low,10.3,329
Shining Mewtwo,Neo Destiny,109,neo4-109,1798.75,30,medium,4212.51,63,14275,20,medium,3.4,328
Mew VMAX,Fusion Strike,268,swsh8-268,94.99,26,low,80.75,76,315,242,medium,3.5,324
Pikachu,Cosmic Eclipse,241,sm12-241,155.5,44,low,295,169,2100,77,high,7,319
Shining Celebi,Neo Destiny,106,neo4-106,572.5,25,medium,3375,81,6000,30,low,1.7,317
Origin Forme Palkia V,Astral Radiance,167,swsh10-167,3,33,medium,104.75,101,333.64,200,high,3.1,317
Beedrill V,Astral Radiance,161,swsh10-161,94,20,low,69.5,119,251.83,189,medium,2.9,316
Rayquaza V,Evolving Skies,193,swsh7-193,83.42,20,medium,92.5,70,322.5,232,high,3.5,311
Venusaur & Snivy GX,SM Black Star Promos,SM229,smp-SM229,130.25,16,medium,147.97,100,643.25,182,medium,4.3,306
Umbreon VMAX,Evolving Skies,214,swsh7-214,67,24,medium,69,53,202.71,250,medium,2.9,306
Dark Vileplume,Team Rocket,13,base5-13,61.5,32,medium,215,101,4000,12,medium,11.6,305
Suicune,Neo Revelation,14,neo3-14,700,31,low,1788.64,45,18100,5,low,10.1,304
Gengar ex,FireRed & LeafGreen,108,ex6-108,2737.5,27,low,11635.48,43,92045.93,10,medium,7.9,295
Morty's Conviction,Temporal Forces,211,sv05-211,76.49,26,medium,75,134,265,134,high,3.6,286
Misty's Gyarados,Gym Challenge,13,gym2-13,215,34,medium,581.48,77,6182.98,33,high,9.4,284
Duskull,Shrouded Fable,068,sv06.5-068,37.98,23,medium,40.75,116,250,165,medium,5.2,284
M Gyarados EX,BREAKpoint,115,xy9-115,80.75,10,low,250,94,1683,80,high,6.7,283
Marill,Paldea Evolved,204,sv02-204,51.5,19,low,42,140,449.99,85,low,10.7,282
Mega Zygarde ex,Perfect Order,124,me03-124,110.49,23,low,103.75,148,420,111,medium,3.8,280
Snorlax,Paldean Fates,202,sv04.5-202,76.97,20,low,67.49,134,350.5,134,high,5.2,279
Gengar,Legend Maker,5,ex12-5,200,15,low,910.52,65,9250,14,medium,10.2,278
N's Zoroark ex,Ascended Heroes,286,me02.5-286,125.25,25,medium,113.62,103,265,165,high,2.3,273
Zeraora V,Chilling Reign,166,swsh6-166,69.39,11,low,76.5,70,284.99,196,medium,2.6,272
M Rayquaza EX,Roaring Skies,105,xy6-105,275,46,medium,2512.5,43,20999.57,9,low,8.4,271
Charizard,Power Keepers,6,ex16-6,128.12,21,medium,882,75,9802.5,28,medium,11.1,271
Mewtwo-GX,Yellow A Alternate,SV59,sma-SV59,114.59,43,medium,138.25,89,350,173,medium,2.4,270
Sylveon EX,Generations,RC21,g1-RC21,73.25,30,high,194,60,2155,15,low,11.1,266
Snorlax,Jungle,27,base2-27,25.08,16,low,365,56,2054.83,32,medium,5.6,264
Special Delivery Pikachu,SWSH Black Star Promos,SWSH074,swshp-SWSH074,400,35,high,485.62,163,3288.5,42,low,6.8,261
Dark Blastoise,Team Rocket,20,base5-20,67.5,40,medium,138.5,73,2756.4,32,medium,6.7,261
Mewtwo & Mew GX,Unified Minds,71,sm11-71,80.75,28,medium,176.7,93,997,139,medium,5.5,259
Sylveon V,Brilliant Stars,TG14,swsh9-TG14,50,22,medium,85.5,93,194.5,158,high,2.2,259
Lillie's Clefairy ex,Ascended Heroes,280,me02.5-280,137.17,21,medium,135,73,299.99,182,high,2.1,258
Shining Raichu,Neo Destiny,111,neo4-111,629,14,low,1903.3,55,6649.4,20,medium,2.7,257
Drowzee,Scarlet & Violet,210,sv01-210,54.5,59,medium,79,161,920,74,medium,11.6,257
Venusaur EX,XY Black Star Promos,XY123,xyp-XY123,125.75,32,medium,958.74,32,6970,6,low,7.3,255
Noivern V,Evolving Skies,196,swsh7-196,60,24,low,69,74,205.5,164,high,3.5,252
Oshawott,White Flare,105,sv10.5w-105,144.5,23,low,72.52,142,839.5,85,high,11.6,251
Galarian Zapdos V,Chilling Reign,174,swsh6-174,69,6,low,42.43,80,211.89,162,medium,4.2,250
Dragonite ex,Dragon,90,ex3-90,1158.38,14,low,3975,53,31955.5,8,medium,8,249
Dark Dragonite,Team Rocket,22,base5-22,91,27,medium,193.47,86,925,24,medium,4.8,249
Giovanni's Gyarados,Gym Challenge,5,gym2-5,195,28,medium,1099.99,69,5788.97,9,low,5.3,248
Shining Noctowl,Neo Destiny,110,neo4-110,307.5,9,low,910.17,62,2749.5,21,medium,3,248
Gengar & Mimikyu GX,Team Up,53,sm9-53,483.32,47,medium,531.88,111,2800,93,medium,4.9,247
Flareon Star,Power Keepers,100,ex16-100,1347.33,59,medium,7424,34,4652.98,10,low,0.6,245
Maushold,Paldea Evolved,226,sv02-226,99.73,16,low,109.87,137,1297.5,67,medium,11.8,244
Celebi,Triumphant,92,hgss4-92,120.88,8,low,944.5,59,8630.04,34,high,9.1,242
Snorlax,Wizards Black Star Promos,49,basep-49,439.57,24,medium,890,72,5525,25,low,6.2,241
Primal Kyogre EX,Ancient Origins,96,xy7-96,526.5,20,low,700,76,5100,44,medium,7.2,241
Shining Steelix,Neo Destiny,112,neo4-112,398.47,10,low,1049.97,58,3700,25,medium,2.8,241
Horsea,Shrouded Fable,067,sv06.5-067,26,20,medium,65,108,224.99,116,medium,3.5,237
Primal Groudon EX,Ancient Origins,97,xy7-97,229.99,13,low,728.59,65,4074.99,77,high,5.6,236
Fuecoco,Paldea Evolved,201,sv02-201,167.75,14,low,66.37,98,337.5,103,medium,5.1,236
Lugia EX,Ancient Origins,94,xy7-94,62.89,14,low,743,63,7499,62,medium,8.3,234
Dwebble,Black Bolt,129,sv10.5b-129,500,24,low,76,130,825,75,medium,7.3,234
Umbreon ★,POP Series 5,17,pop5-17,115,10,low,125,84,375,121,medium,2.9,229
Pikachu V,SWSH Black Star Promos,SWSH145,swshp-SWSH145,500,46,low,79,121,862,54,low,10.5,229
Flareon VMAX,SWSH Black Star Promos,SWSH180,swshp-SWSH180,82.5,25,medium,61,142,655,58,low,10.7,228
M Mewtwo EX,BREAKthrough,159,xy8-159,205,7,low,282.5,69,2575,51,low,9.1,226
Pikachu,SWSH Black Star Promos,SWSH020,swshp-SWSH020,144.75,11,low,93.5,112,750,84,medium,8,226
Charizard,Secret Wonders,3,dp3-3,173,10,low,2725,42,23725,5,low,8.7,225
M Mewtwo EX,BREAKthrough,160,xy8-160,100.78,10,low,283.33,64,2228.04,58,medium,8.7,225
Gardevoir ex,Scarlet & Violet,245,sv01-245,90.5,51,medium,72.35,111,240.12,107,high,3.3,225
Empoleon V,Battle Styles,146,swsh5-146,64.66,5,low,76.12,42,185,177,high,2.2,225
M Gardevoir EX,Steam Siege,112,xy11-112,59.74,17,low,71.88,78,534.47,105,medium,7.4,224
Galarian Slowking V,Chilling Reign,179,swsh6-179,139,8,low,119.98,58,279.5,159,medium,2.3,221
Jolteon Star,Power Keepers,101,ex16-101,950,61,medium,5100,48,44444.85,6,low,8.7,220
Latias ex,Dragon,93,ex3-93,318.75,12,low,3100,46,30900,18,medium,10,220
Blastoise δ,Crystal Guardians,2,ex14-2,123.85,13,medium,668.75,39,6378.72,9,low,9.5,219
Dark Gengar,Neo Destiny,6,neo4-6,1572.5,16,low,3499.5,53,12750,11,medium,3.6,217
Vaporeon Star,Power Keepers,102,ex16-102,2549.15,16,low,6375,28,11000,8,low,1.5,217
Umbreon,Prismatic Evolutions,059,sv08.5-059,46,31,low,78,108,462.5,83,medium,5.4,217
Celebi Star,Crystal Guardians,100,ex14-100,2124.99,17,low,6659.5,32,13200,8,low,2,216
Umbreon-GX,Yellow A Alternate,SV69,sma-SV69,323.3,36,medium,241.75,98,577.57,108,medium,2.3,214
Reshiram & Zekrom GX,Cosmic Eclipse,157,sm12-157,76.3,28,high,124.75,88,850,92,high,5.8,213
Vaporeon VMAX,SWSH Black Star Promos,SWSH182,swshp-SWSH182,115,51,medium,84.5,128,845.49,51,medium,9,211
Skyla,BREAKpoint,122,xy9-122,81.83,6,low,87.84,86,410,78,medium,4.6,211
Umbreon & Darkrai GX,Unified Minds,125,sm11-125,127,17,low,119.99,71,563.58,117,medium,4.7,210
Plusle,Paradox Rift,193,sv04-193,35.31,17,low,50,88,340,107,medium,6.8,209
Haxorus,Black Bolt,147,sv10.5b-147,49.5,10,low,67.35,78,304.55,119,high,4.5,209
Giovanni's Machamp,Gym Challenge,6,gym2-6,101.12,14,medium,318.75,64,2850,40,high,8.6,208
Psyduck,Wizards Black Star Promos,20,basep-20,149,17,low,200.75,83,1104.5,88,medium,5,206
Charizard,Legendary Collection,3,lc-3,83.5,24,medium,1216.43,24,10000,10,low,6.3,201
Latios ex,Dragon,94,ex3-94,470,8,low,2999.5,31,10383.5,5,low,3.5,198
M Rayquaza EX,Roaring Skies,61,xy6-61,55,11,low,392.24,48,4450,14,low,10.7,198
Gyarados δ,Holon Phantoms,8,ex13-8,111.5,55,low,1574.5,42,19999,19,medium,8.9,197
Blaine's Arcanine,Gym Challenge,1,gym2-1,195.66,24,low,887.35,39,6121.6,7,low,6.9,197
Gardevoir EX,Steam Siege,116,xy11-116,174.97,19,medium,177,89,2000,53,high,11.1,196
Mew ex,Holon Phantoms,100,ex13-100,544.88,11,medium,8900,39,11150,5,low,1.3,192
Galarian Articuno V,Chilling Reign,170,swsh6-170,71.87,5,medium,79.5,50,200,136,high,3.3,191
Rocket's Raikou ex,Deoxys,108,ex8-108,490,21,low,1286.01,57,7599.5,10,low,5.9,190
Umbreon,Neo Discovery,32,neo2-32,235,21,low,345,46,4950,21,low,9.7,189
M Charizard EX,Flashfire,108,xy2-108,146.5,6,low,1225,56,11200,5,low,9.1,187
Nidoking,Aquapolis,150,ecard2-150,2082.5,7,low,4572.57,42,58500,11,medium,7.1,186
Tinkaton ex,Paldea Evolved,262,sv02-262,36.1,21,medium,48.67,74,196.25,103,medium,4,184
Ho-oh,Skyridge,149,ecard3-149,890,11,low,1997.5,47,18999.99,23,medium,7.9,182
Jolteon,Jungle,20,base2-20,38,8,low,93.5,52,790,40,medium,7.3,180
Umbreon,Call of Legends,22,col1-22,129.25,90,medium,2410,26,25049,8,low,10.4,179
Mewtwo δ,Delta Species,12,ex11-12,725,16,low,1657.5,41,12574.99,17,medium,7.6,178
Alakazam,Base Set,1,base1-1,105.12,65,low,310.25,20,3044.7,6,low,9.8,178
Golem,Skyridge,148,ecard3-148,594.37,8,low,4837.5,51,21600,35,medium,2.3,177
Koga's Ditto,Gym Challenge,10,gym2-10,253.25,17,medium,381.73,55,2999.99,21,medium,7.8,173
Raichu ex,Sandstorm,98,ex2-98,1291.2,11,low,1238.14,42,13462.5,17,low,10.9,171
Jolteon VMAX,SWSH Black Star Promos,SWSH184,swshp-SWSH184,64.5,56,medium,77.5,96,1012.38,44,medium,11.1,171
Mega Greninja ex,Chaos Rising,122,me04-122,175.04,17,high,159.75,81,750,77,medium,4.7,171
Snorlax δ,Dragon Frontiers,10,ex15-10,189.99,13,low,754.5,51,9749.5,14,medium,11.6,169
M Alakazam EX,Fates Collide,118,xy10-118,31,7,low,160.5,44,967.08,52,medium,6,169
Absol,Triumphant,91,hgss4-91,575,5,low,849.5,44,8924.99,31,low,10.5,168
Typhlosion ex,Sandstorm,99,ex2-99,102.5,10,medium,1117.49,38,3850,11,low,3.4,168
Lugia ex,Unseen Forces,105,ex10-105,3869.3,14,low,9220,27,125100,5,low,1.8,167
Greninja-GX,Yellow A Alternate,SV56,sma-SV56,56,13,medium,101.06,55,241.25,107,high,2.4,167
Venusaur ex,FireRed & LeafGreen,112,ex6-112,525,7,low,1762,45,10499,18,medium,5.8,164
Zoroark,White Flare,143,sv10.5w-143,33.12,15,low,59.75,98,530.5,49,medium,7.7,163
Slowpoke & Psyduck GX,Unified Minds,35,sm11-35,182.5,27,medium,233.25,65,762.5,70,high,3.4,162
Reshiram-GX,Yellow A Alternate,SV51,sma-SV51,48,23,low,42.5,45,158.75,112,medium,3.6,161
Aerodactyl ex,Sandstorm,94,ex2-94,127.45,8,low,608.84,39,6374.57,25,medium,10.5,160
Shining Celebi,SM Black Star Promos,SM79,smp-SM79,30.38,8,low,99,78,945,30,medium,9.5,160
Marnie's Morpeko,SVP Black Star Promos,206,svp-206,51.25,20,medium,50.5,77,297,73,medium,5.8,160
Skarmory,Neo Genesis,13,neo1-13,90,12,low,302,34,11999.99,7,medium,8.3,158
Pikachu,Wizards Black Star Promos,26,basep-26,10.99,34,low,537.5,55,5562.5,21,high,10.3,157
Charmander,Base Set,46,base1-46,57.5,59,low,91.1,62,378.5,24,high,4.2,155
Umbreon δ,Delta Species,17,ex11-17,462.5,15,low,975,41,10997.5,13,medium,11.3,154
Eevee,Yellow A Alternate,SV41,sma-SV41,38.25,18,medium,34.69,43,146.25,106,high,4.2,150
Mewtwo GX,Shining Legends,76,sm3.5-76,76.44,18,low,127.5,55,739.44,82,high,5.8,147
Typhlosion δ,Dragon Frontiers,12,ex15-12,80,21,low,393.62,34,1750.9,5,low,4.4,145
Charizard GX,Burning Shadows,150,sm3-150,400,11,low,810,57,6100,22,low,7.5,143
Groudon,Hidden Legends,102,ex5-102,305,10,low,363.75,61,3750,29,low,6.9,141
Greninja & Zoroark GX,Unbroken Bonds,107,sm10-107,20,14,low,61.3,53,271,81,medium,4.4,139
Darkrai-GX,Yellow A Alternate,SV70,sma-SV70,110,9,low,80.84,53,270,85,medium,3.3,139
Espeon ex,Unseen Forces,102,ex10-102,30,7,low,5009.01,19,30999,5,low,6.2,138
Gardevoir & Sylveon GX,Unbroken Bonds,205,sm10-205,1175,9,low,1265.75,56,3450,65,medium,2.7,138
Dragonite δ,Delta Species,3,ex11-3,378.7,11,low,1469.34,26,6389.5,24,medium,4.3,137
Palkia & Dialga LEGEND,Triumphant,101,hgss4-101,200.62,7,medium,455.58,47,5000,23,low,9.7,137
Magikarp & Wailord GX,Team Up,161,sm9-161,1450,20,low,1232.5,35,4585.4,79,medium,3.5,137
Rayquaza δ,Delta Species,13,ex11-13,501.25,16,low,1873.88,40,10425.46,10,low,5.6,136
Salamence ex,Power Keepers,96,ex16-96,410,6,low,967.48,35,6025,10,medium,6.2,135
Espeon & Deoxys GX,Unified Minds,72,sm11-72,47,19,low,78.19,60,700,61,low,9,134
Dark Hypno,Team Rocket,9,base5-9,120,13,low,111.62,49,589,9,low,5.3,134
Regirock Star,Legend Maker,91,ex12-91,935,6,low,4247.01,20,16000,6,low,3.8,133
Kabutops,Neo Discovery,6,neo2-6,155,14,medium,1189.76,21,8000,9,low,5.7,133
Pikachu,Black & White,115,bw1-115,92.25,9,medium,462.49,44,5000,30,medium,9.9,132
Rocket's Mewtwo,Gym Challenge,14,gym2-14,505,22,medium,1324.99,29,12000,8,medium,8.7,131
Chandelure,White Flare,103,sv10.5w-103,153.62,9,low,52.5,47,305,78,medium,5.4,131
Kabutops,Skyridge,150,ecard3-150,1360,7,low,4062.5,41,8355,20,low,2.1,129
Metagross ex,Power Keepers,95,ex16-95,106.89,6,low,549.98,34,10500,17,medium,10,128
Special Delivery Bidoof,SWSH Black Star Promos,SWSH177,swshp-SWSH177,425,9,medium,600,71,3150,35,high,5.3,128
Registeel Star,Legend Maker,92,ex12-92,1124.07,10,low,5499.5,27,21500,5,low,3.9,127
Giratina EX,Ancient Origins,93,xy7-93,89.5,6,low,384.25,40,2711.15,43,medium,7.1,127
M Sceptile EX,Ancient Origins,85,xy7-85,81,15,low,161.5,42,1373.09,38,medium,8.5,127
Dragonite GX,SM Black Star Promos,SM156,smp-SM156,60,96,medium,113.25,43,537.49,73,high,4.9,125
Charmeleon,Base Set,24,base1-24,72.7,26,low,410,31,253.3,11,low,0.6,124
Blastoise,Plasma Storm,137,bw8-137,224.78,5,low,3224.98,28,55000,6,low,12,123
Articuno,Supreme Victors,148,pl3-148,1501,10,medium,1749.99,13,18472,6,low,10.6,123
Flying Pikachu,Wizards Black Star Promos,25,basep-25,79.75,10,low,273,41,320,31,low,1.2,123
Rayquaza ex,Deoxys,102,ex8-102,1100,5,low,6899.99,25,21729.99,5,low,3.1,122
Gengar & Mimikyu GX,Team Up,165,sm9-165,1550,14,low,2176.25,37,7500,66,medium,3.2,122
Gengar,SWSH Black Star Promos,SWSH241,swshp-SWSH241,97.32,20,medium,65.6,67,737.62,34,medium,10,122
Piplup,Cosmic Eclipse,239,sm12-239,105.08,24,medium,95.5,61,651,34,low,6.8,122
Rayquaza ex δ,Dragon Frontiers,97,ex15-97,603.01,11,low,3718.15,30,15377.4,10,medium,4.1,120
Latias & Latios GX,Team Up,170,sm9-170,3537.85,19,medium,5550,35,15500,49,medium,2.3,120
Dark Celebi,Hidden Legends,4,ex5-4,117,15,medium,525.33,32,2762.5,8,medium,5.3,120
Magmar ex,Ruby & Sapphire,100,ex1-100,35.75,14,medium,341.59,37,1750.5,8,low,5.1,120
Mewtwo,Wizards Black Star Promos,12,basep-12,128,12,medium,427,15,3053,18,medium,6.6,119
Blastoise & Piplup GX,Cosmic Eclipse,215,sm12-215,550,16,medium,510,65,3500,42,medium,6.1,119
Mew,Wizards Black Star Promos,47,basep-47,57.09,27,low,275,22,2700,20,medium,9.8,119
Leafeon-GX,Yellow A Alternate,SV46,sma-SV46,46,12,low,77.5,41,216,73,medium,2.8,116
Groudon Star,Delta Species,111,ex11-111,1513.5,7,low,7827.5,17,4616.78,7,medium,0.6,115
Zapdos ex,FireRed & LeafGreen,116,ex6-116,3546.62,5,low,879,27,6889,18,low,7.8,115
Togepi & Cleffa & Igglybuff GX,Cosmic Eclipse,143,sm12-143,62.38,13,low,58.65,57,377.54,51,low,6.4,115
Dragonite VSTAR,Pokémon GO,081,swsh10.5-081,33.25,8,low,55,26,150,82,medium,2.7,114
Groudon ex,Crystal Guardians,93,ex14-93,140.5,13,low,2550,27,8900,5,low,3.5,113
Eevee & Snorlax GX,Team Up,120,sm9-120,114.38,12,medium,117.75,47,850,51,medium,6.4,113
Darkrai & Cresselia LEGEND,Triumphant,99,hgss4-99,189.12,5,low,702.5,24,5745.57,8,medium,8.2,112
Lt. Surge's Raichu,Gym Challenge,11,gym2-11,122.5,13,low,371.75,35,2077.43,13,low,5.6,112
Darkrai & Cresselia LEGEND,Triumphant,100,hgss4-100,2193,5,low,543.12,35,2974.99,9,medium,5.5,112
Golem ex,Dragon,91,ex3-91,181,5,low,474.97,29,3368.49,14,medium,7.1,111
M Tyranitar EX,Ancient Origins,92,xy7-92,168.62,6,low,183.5,33,989,44,medium,5.4,111
Kyogre ex,Crystal Guardians,95,ex14-95,103.38,5,low,1103,15,6737.5,10,low,6.1,110
Slowking,Undaunted,85,hgss3-85,169.3,5,low,1174.97,28,11299.99,8,low,9.6,109
Palkia G,Platinum,125,pl1-125,142.38,6,low,1377.33,21,10150,6,low,7.4,109
Kabutops ex,Sandstorm,97,ex2-97,150,6,low,606.14,38,6500,15,medium,8.9,109
Mew EX,XY Black Star Promos,XY126,xyp-XY126,258.25,12,medium,1195.6,19,11300,5,low,9.5,108
Magcargo ex,Dragon,95,ex3-95,75,7,low,277.5,35,3999.99,21,medium,11.7,108
Steelix,Neo Genesis,15,neo1-15,20.5,11,low,344.85,51,2012.5,12,high,5.8,108
M Gyarados EX,BREAKpoint,27,xy9-27,57.62,5,low,141.25,30,1300,17,medium,9.2,107
Mimikyu,Cosmic Eclipse,245,sm12-245,75,14,medium,109.19,53,850,41,high,8.2,107
Deoxys δ,Holon Phantoms,6,ex13-6,520,9,low,637.49,29,8200,12,medium,8.5,106
Latios δ,Delta Species,9,ex11-9,51,6,low,717.78,31,6250,20,medium,6.3,106
Giovanni's Nidoking,Gym Challenge,7,gym2-7,59.5,15,low,402.5,27,2124.57,11,low,5.3,105
Tyranitar δ,Delta Species,16,ex11-16,608.25,12,low,495.98,31,2626,14,medium,5.3,105
Lucky Stadium,Wizards Black Star Promos,41,basep-41,1724.99,8,low,2848.16,23,7150,21,high,2.5,104
Mega Sableye & Tyranitar GX,Unified Minds,226,sm11-226,465,25,low,402.5,49,3075,46,high,6.6,104
Rayquaza C,Supreme Victors,8,pl3-8,142.75,5,low,1280.87,27,4654.4,11,medium,3.6,103
Poké Ball,SWSH Black Star Promos,SWSH146,swshp-SWSH146,30.75,33,medium,31,57,279.25,22,low,9,103
Lugia LEGEND,HeartGold SoulSilver,113,hgss1-113,199,11,low,4253.66,11,17775.87,13,high,2,102
Muk ex,Dragon,96,ex3-96,127.38,5,low,500,29,3046.57,17,medium,6.1,102
Arceus & Dialga & Palkia GX,Cosmic Eclipse,221,sm12-221,925,11,medium,794.75,42,3927.51,41,medium,4.8,102
Slowpoke & Psyduck GX,Unified Minds,218,sm11-218,357.5,101,high,510.62,40,2017.24,49,medium,4,102
Krookodile,Black Bolt,137,sv10.5b-137,33.99,16,medium,69.99,51,579.99,40,low,7.8,102
Wartortle,Southern Islands,15,si1-15,137.5,8,low,145.09,36,670,18,medium,4.6,102
Mew,Holon Phantoms,111,ex13-111,525.39,8,low,2478.08,36,1425,6,low,0.6,101
Lugia,Neo Revelation,20,neo3-20,1459.99,12,low,397.38,43,2030.12,10,low,4.1,101
Jolteon δ,Delta Species,7,ex11-7,153.93,5,low,471.25,31,2500,17,medium,3.9,99
Koga,Gym Challenge,19,gym2-19,24.5,6,low,386.73,31,927.28,19,medium,2.2,99
Dark Feraligatr,Neo Destiny,5,neo4-5,405.48,7,medium,670,29,5999.99,9,medium,9,97
Latios ex δ,Dragon Frontiers,96,ex15-96,705.75,7,low,1421.47,19,8850,6,low,6.2,96
Rocket's Hitmonchan ex,Team Rocket Returns,98,ex7-98,512,14,low,1006.77,29,9999.99,13,medium,9.9,95
Charizard,Boundaries Crossed,20,bw7-20,29,14,medium,494.98,29,5162.04,6,low,10.4,95
Sabrina's Gengar,Gym Challenge,29,gym2-29,162.06,15,medium,453,26,3591.25,6,low,7.9,95
Blaine,Gym Challenge,17,gym2-17,80.37,8,low,1878.86,24,1053.14,17,low,0.4,95
Moltres ex,FireRed & LeafGreen,115,ex6-115,200,6,low,1109.88,21,10301,15,medium,8.5,93
Latias δ,Delta Species,8,ex11-8,129,5,low,559.66,23,4805.23,17,medium,8.6,93
Rosa's Encouragement,Perfect Order,123,me03-123,38.24,11,low,69,23,200.75,69,high,2.7,93
Articuno ex,FireRed & LeafGreen,114,ex6-114,155.75,47,medium,1000,32,5549.92,19,medium,5.5,92
Salamence LV. X,Arceus,98,pl4-98,137.69,5,low,4250,18,8552.5,5,low,2,91
Registeel ex,Hidden Legends,99,ex5-99,222.5,5,low,524.98,33,4975,20,low,8.5,91
Pikachu,Base Set,58,base1-58,292.5,65,medium,237,17,1433.85,10,low,6,91
Rocket's Moltres ex,Team Rocket Returns,100,ex7-100,350,7,low,2135.5,31,15600,10,medium,5.9,90
Espeon,Call of Legends,4,col1-4,287.5,5,low,1349.49,36,14957.08,12,low,11.1,90
Vaporeon δ,Delta Species,18,ex11-18,233,13,low,457.5,30,2575,18,medium,5.6,90
Cresselia,Great Encounters,103,dp4-103,122.44,7,low,840,24,6100,5,low,7.3,89
Rocket's Scyther ex,Team Rocket Returns,102,ex7-102,535,6,low,1474.99,25,9649.99,10,medium,6.5,87
Tyranitar EX,Ancient Origins,91,xy7-91,24,7,low,240,40,2850.88,18,medium,11.9,87
Claydol ex,Power Keepers,93,ex16-93,93.46,8,low,350,29,2200,12,medium,6.3,87
Espeon,Neo Discovery,20,neo2-20,42.25,10,medium,107.12,32,651,12,medium,6.1,87
Suicune ex,Team Magma vs Team Aqua,94,ex4-94,545.62,8,low,4132.04,17,26912.08,5,low,6.5,86
Deoxys δ,Holon Phantoms,3,ex13-3,231.62,9,low,278.38,31,1869,11,low,6.7,86
Dark Porygon2,Neo Destiny,8,neo4-8,65,5,medium,509.15,28,4053,10,low,8,85
Blaziken,Ruby & Sapphire,3,ex1-3,11.5,7,low,526.02,25,5427.5,8,medium,10.3,84
Ninetales ex,Hidden Legends,96,ex5-96,220,7,low,1649.99,26,5119.5,8,low,3.1,84
Mewtwo & Mew GX,Unified Minds,242,sm11-242,150,6,low,444,28,1843.53,45,medium,3.9,83
Psyduck,Aquapolis,104,ecard2-104,303,9,medium,1022.5,38,1232.5,12,low,1.2,83
Meganium δ,Dragon Frontiers,4,ex15-4,42.5,6,low,223.5,32,2313,15,medium,10.3,82
Dragonite,Wizards Black Star Promos,5,basep-5,73.61,56,low,208.75,23,1004.89,11,low,4.8,82
Scyther,Wizards Black Star Promos,45,basep-45,54.75,9,medium,106.37,35,524.99,32,medium,4.9,82
Team Magma's Groudon,Team Magma vs Team Aqua,9,ex4-9,12.81,8,low,71.29,37,800,23,low,11.2,81
Crobat,Skyridge,147,ecard3-147,345,6,medium,3989.53,24,17249.5,6,low,4.3,80
Umbreon GX,Sun & Moon,154,sm1-154,146.75,16,medium,128,37,1030.75,19,high,8.1,80
Light Jolteon,Neo Destiny,48,neo4-48,159.99,7,low,387.5,31,2544.31,14,medium,4.8,79
Reshiram & Zekrom GX,Cosmic Eclipse,259,sm12-259,218.75,5,low,203.99,22,712.5,41,medium,3.4,79
Rowlet & Alolan Exeggutor GX,Unified Minds,215,sm11-215,137.5,7,low,146.62,36,974.99,36,high,6.2,77
M Lucario EX,Furious Fists,55,xy3-55,82.5,7,low,105.22,29,860,17,low,8.2,77
Ampharos,Neo Genesis,1,neo1-1,117.12,7,medium,320,25,2741.25,12,medium,8.6,76
Sabrina,Gym Challenge,20,gym2-20,74,14,low,167.15,26,650,11,low,3.3,74
Raichu & Alolan Raichu GX,Unified Minds,221,sm11-221,309.98,10,low,425,31,3000,34,high,6.6,72
Tyranitar,Neo Discovery,31,neo2-31,160,11,medium,365.46,20,1625,8,low,4.4,72
Hoopa EX,Ancient Origins,89,xy7-89,35.5,5,low,130.11,26,900.34,34,high,6.9,72
Ho-oh,Wizards Black Star Promos,52,basep-52,123.75,10,low,169.69,24,972.28,22,medium,5.7,72
Deoxys,Emerald,2,ex9-2,139.28,5,low,943.16,25,19999,11,low,6.2,71
Swampert ex,Team Magma vs Team Aqua,95,ex4-95,200,6,low,2098.49,15,7437.5,7,medium,3.5,71
Gengar & Mimikyu GX,Team Up,186,sm9-186,425,7,low,571.02,26,2125.5,38,high,3.7,71
Salamence,Dragon,10,ex3-10,162.5,7,low,512.5,23,3367.5,27,low,6.5,70
Rapidash,Wizards Black Star Promos,51,basep-51,101,12,medium,167.41,16,410.76,20,high,2.5,70
Gyarados GX,Crimson Invasion,112,sm4-112,115.47,5,low,106.25,27,722.5,26,high,6.8,68
Dark Marowak,Team Rocket Returns,7,ex7-7,70.67,7,medium,253.84,23,2300.35,15,low,9.1,66
Dark Donphan,Neo Destiny,3,neo4-3,52,5,low,345,20,2053.45,9,medium,7.4,66
Primal Groudon EX,Primal Clash,86,xy5-86,102.5,5,low,140,23,1100,7,low,7.9,66
Blastoise & Piplup GX,Cosmic Eclipse,253,sm12-253,81.59,7,low,171.5,34,595,22,medium,3.3,66
Flareon,Sandstorm,5,ex2-5,62.75,5,low,385,21,2975,13,low,7.7,65
Machamp,Wizards Black Star Promos,43,basep-43,49.99,11,low,174.39,26,614.78,17,medium,3.1,65
Absol,Team Magma vs Team Aqua,96,ex4-96,304.85,5,low,789.54,20,9999,6,medium,8.9,63
Solgaleo & Lunala GX,Cosmic Eclipse,254,sm12-254,87.75,5,low,84.75,22,362.84,36,low,4.3,62
Hypno,Aquapolis,H12,ecard2-H12,180,5,low,712,20,4509.35,9,medium,6.3,60
Zapdos,Aquapolis,H32,ecard2-H32,998,8,low,1624.97,8,7899.57,9,medium,4.9,59
Jolteon,Sandstorm,6,ex2-6,145,5,low,478.5,26,1739.31,5,low,3.6,59
Crawdaunt ex,Holon Phantoms,99,ex13-99,55,5,low,356.3,10,3345,8,medium,9.4,58
Gyarados,Skyridge,H10,ecard3-H10,3800,7,low,4450,12,19995,27,medium,3.9,57
Greninja & Zoroark GX,Unbroken Bonds,201,sm10-201,234.22,9,low,394.99,21,1800,34,medium,4,57
Forretress,Neo Discovery,2,neo2-2,92.88,5,low,325,12,1482.49,8,medium,4.6,57
Arcanine,Base Set,23,base1-23,157.25,9,low,62.75,21,455,5,low,7.3,57
Umbreon GX,Sun & Moon,142,sm1-142,40.8,9,low,43.62,30,422.88,15,low,9.7,56
Cynthia & Caitlin,Cosmic Eclipse,228,sm12-228,183.6,7,low,200,18,459.82,25,low,2.3,56
Lillie,Ultra Prism,151,sm5-151,1141.25,9,low,403.75,22,1842,21,low,4.6,55
Reshiram & Charizard GX,Unbroken Bonds,217,sm10-217,56,10,low,200,20,655.85,26,medium,3.3,54
Misty’s Favor,Unified Minds,235,sm11-235,324.5,5,low,407,19,841.08,29,medium,2.1,54
Ash's Pikachu,SM Black Star Promos,SM114,smp-SM114,132.75,8,low,159.99,16,550,5,low,3.4,54
Ho-oh,Neo Revelation,18,neo3-18,170,5,low,230.75,19,430,7,low,1.9,54
Reshiram & Zekrom GX,Cosmic Eclipse,222,sm12-222,862.25,9,low,500,25,2422.5,15,low,4.8,53
Blastoise GX,Unbroken Bonds,218,sm10-218,282.67,5,low,220,17,799.9,30,high,3,53
Scizor,Aquapolis,H21,ecard2-H21,361.5,6,medium,1020,10,11500,6,low,11.3,52
Pikachu,SM Black Star Promos,SM98,smp-SM98,56,8,medium,624.38,24,3826.39,6,low,6.1,52
Dark Hypno,Team Rocket Returns,6,ex7-6,50.15,7,low,231.84,17,2299.99,14,medium,9.9,52
Solgaleo & Lunala GX,Cosmic Eclipse,216,sm12-216,360,7,low,471.38,32,2012.49,17,low,4.3,52
Lugia GX,Lost Thunder,207,sm8-207,200.42,6,low,186.99,21,1345,15,low,7.2,51
Ash's Pikachu,SM Black Star Promos,SM110,smp-SM110,36.5,13,medium,173.76,19,887.5,6,low,5.1,51
Snorlax,SVP Black Star Promos,051,svp-051,25,20,low,280,22,1867.81,21,low,6.7,50
Magikarp & Wailord GX,Team Up,183,sm9-183,92.25,7,low,137.5,22,523.42,19,medium,3.8,50
Latias & Latios GX,Team Up,190,sm9-190,85,45,medium,212.5,18,985,26,medium,4.2,49
Machamp,Skyridge,H15,ecard3-H15,425,5,low,1224.49,18,4200,10,medium,3.4,48
Cradily ex,Team Magma vs Team Aqua,90,ex4-90,111.75,5,low,313,10,2932.5,6,medium,9.4,48
Ash's Pikachu,SM Black Star Promos,SM113,smp-SM113,50.15,10,medium,192.5,18,1004.36,11,medium,5.2,48
Suicune,Wizards Black Star Promos,53,basep-53,43,8,low,269.99,13,1149.99,8,low,4.3,47
Arceus & Dialga & Palkia GX,Cosmic Eclipse,258,sm12-258,100,10,low,90.99,20,462,21,medium,5.1,47
Moltres,Skyridge,H20,ecard3-H20,799,5,low,2150,14,9750,6,medium,4.5,46
Sylveon GX,Guardians Rising,158,sm2-158,101,6,low,170.75,25,960,16,medium,5.6,46
Raikou,Skyridge,H26,ecard3-H26,710.33,5,low,1800.33,11,21500,12,medium,6.6,45
Reshiram,Black & White,113,bw1-113,71,8,low,283.11,16,1995.08,14,low,7,45
Pikachu & Zekrom GX,Team Up,184,sm9-184,35.9,5,low,214.72,13,834.5,27,low,3.9,44
Suicune,Neo Revelation,27,neo3-27,88.75,5,low,210.2,15,495.95,13,low,2.4,44
Muk & Alolan Muk GX,Unbroken Bonds,197,sm10-197,261.38,11,medium,107.5,19,445,23,medium,4.1,44
Eevee & Snorlax GX,Team Up,191,sm9-191,337.5,6,medium,398.96,18,1200,23,low,2.4,43
Meowth,Noble Victories,102,bw3-102,67.51,5,low,548.05,18,5999.99,6,low,7.6,42
Dark Dragonite,Team Rocket Returns,15,ex7-15,193.75,5,low,233.74,9,1510.05,11,medium,6.5,39
Mega Darkrai ex,Pitch Black,116,me05-116,263.75,23,medium,288.18,10,849.99,27,high,2.8,37
Lisia,Celestial Storm,164,sm7-164,127.5,6,low,239.19,10,486.78,17,low,2,37
Mimikyu,Paldean Fates,160,sv04.5-160,27.2,5,low,90.52,15,393,18,medium,4.3,36
Psyduck,Neo Destiny,79,neo4-79,118.99,6,medium,228.5,8,1700,11,medium,5.5,35
Naganadel & Guzzlord GX,Cosmic Eclipse,224,sm12-224,111.75,5,low,113.62,15,650,16,low,5.7,35
Umbreon,Skyridge,32,ecard3-32,1240.15,6,low,775,10,2464.99,6,medium,3.2,34
Latias & Latios GX,Team Up,169,sm9-169,127.5,6,low,139.92,9,650,21,high,4.6,34
Mega Lopunny & Jigglypuff GX,Cosmic Eclipse,226,sm12-226,178.5,8,low,123.16,11,1304.04,17,medium,10.6,33
Electabuzz,Base Set,20,base1-20,1,8,low,100.26,11,432.5,5,low,4.3,32
Red’s Challenge,Unbroken Bonds,213,sm10-213,114.75,7,medium,148.74,12,335,20,low,2.3,32
Greninja GX,Forbidden Light,133,sm6-133,62.9,7,low,140,9,721,17,medium,4.6,30
Sylveon GX,Guardians Rising,140,sm2-140,106.25,6,low,76,10,505.55,16,low,6.7,29
Slowbro,FireRed & LeafGreen,14,ex6-14,62.11,66,medium,325,11,2425,10,medium,7.5,28
Pikachu & Zekrom GX,Team Up,162,sm9-162,188.88,10,low,243.5,8,975,17,low,4,28
Vileplume GX,Cosmic Eclipse,211,sm12-211,249.99,7,low,132,13,432.5,11,low,3.3,26
Mewtwo & Mew GX,Unified Minds,222,sm11-222,89.99,11,medium,232.62,10,689.99,12,low,3,25
Sabrina’s Suggestion,Team Up,181,sm9-181,204,5,low,185.09,8,503.61,15,low,2.7,25
Lugia,SWSH Black Star Promos,SWSH069,swshp-SWSH069,473.37,9,low,273.12,5,1275,16,low,4.7,24
Glaceon GX,Ultra Prism,159,sm5-159,95.5,5,low,78.22,8,327.5,12,medium,4.2,24
Light Slowbro,Neo Destiny,51,neo4-51,70,5,low,505,13,1250,9,low,2.5,23
Garchomp & Giratina GX,Unified Minds,247,sm11-247,84.15,7,low,137.5,8,572.5,13,low,4.2,22
Slowpoke & Psyduck GX,Unified Minds,217,sm11-217,149.88,8,low,192.49,10,725.83,7,low,3.8,19
Gengar & Mimikyu GX,Team Up,164,sm9-164,789,24,low,475,9,1474.99,6,low,3.1,19
Marshadow & Machamp GX,Unbroken Bonds,221,sm10-221,48,5,low,87.49,5,350,12,low,4,18
Morpeko ex,Pitch Black,117,me05-117,121.79,7,medium,257.5,3,759.5,14,medium,2.7,17
Mimikyu GX,Lost Thunder,149,sm8-149,47.32,5,low,95.5,5,352.5,9,low,3.7,15
Dragonite GX,Unified Minds,229,sm11-229,159,7,medium,50,1,539.9,9,low,9.4,10
Pawmot,SVP Black Star Promos,006,svp-006,54.34,7,medium,42.22,2,297.49,5,low,7,9
